site_no,site_name,window,enso_label,parameter,time_utc,value,approval_status
08167500,"Guadalupe Rv nr Spring Branch, TX",DJF1998,1997-98 El Nino,discharge_cfs,1998-02-01T03:30:00+00:00,2490.0,Approved
08167500,"Guadalupe Rv nr Spring Branch, TX",DJF1998,1997-98 El Nino,discharge_cfs,1998-02-01T03:15:00+00:00,2480.0,Approved
08167500,"Guadalupe Rv nr Spring Branch, TX",DJF1998,1997-98 El Nino,discharge_cfs,1998-02-01T03:45:00+00:00,2470.0,Approved
08167500,"Guadalupe Rv nr Spring Branch, TX",DJF1998,1997-98 El Nino,discharge_cfs,1998-02-01T03:00:00+00:00,2460.0,Approved
08167500,"Guadalupe Rv nr Spring Branch, TX",DJF1998,1997-98 El Nino,discharge_cfs,1998-02-01T04:00:00+00:00,2460.0,Approved
08167500,"Guadalupe Rv nr Spring Branch, TX",DJF1998,1997-98 El Nino,discharge_cfs,1998-02-01T04:15:00+00:00,2450.0,Approved
08167500,"Guadalupe Rv nr Spring Branch, TX",DJF1998,1997-98 El Nino,discharge_cfs,1998-02-01T02:45:00+00:00,2430.0,Approved
08167500,"Guadalupe Rv nr Spring Branch, TX",DJF1998,1997-98 El Nino,discharge_cfs,1998-02-01T04:30:00+00:00,2420.0,Approved
08167500,"Guadalupe Rv nr Spring Branch, TX",DJF1998,1997-98 El Nino,discharge_cfs,1998-02-01T02:30:00+00:00,2410.0,Approved
08167500,"Guadalupe Rv nr Spring Branch, TX",DJF1998,1997-98 El Nino,discharge_cfs,1998-02-01T04:45:00+00:00,2400.0,Approved
08167500,"Guadalupe Rv nr Spring Branch, TX",DJF2016,2015-16 El Nino,discharge_cfs,2015-10-30T15:00:00+00:00,43100.0,Approved
08167500,"Guadalupe Rv nr Spring Branch, TX",DJF2016,2015-16 El Nino,discharge_cfs,2015-10-30T15:15:00+00:00,42500.0,Approved
08167500,"Guadalupe Rv nr Spring Branch, TX",DJF2016,2015-16 El Nino,discharge_cfs,2015-10-30T15:30:00+00:00,40400.0,Approved
08167500,"Guadalupe Rv nr Spring Branch, TX",DJF2016,2015-16 El Nino,discharge_cfs,2015-10-30T14:45:00+00:00,40000.0,Approved
08167500,"Guadalupe Rv nr Spring Branch, TX",DJF2016,2015-16 El Nino,discharge_cfs,2015-10-30T15:45:00+00:00,38300.0,Approved
08167500,"Guadalupe Rv nr Spring Branch, TX",DJF2016,2015-16 El Nino,discharge_cfs,2015-10-30T16:00:00+00:00,36700.0,Approved
08167500,"Guadalupe Rv nr Spring Branch, TX",DJF2016,2015-16 El Nino,discharge_cfs,2015-10-30T14:30:00+00:00,35600.0,Approved
08167500,"Guadalupe Rv nr Spring Branch, TX",DJF2016,2015-16 El Nino,discharge_cfs,2015-10-30T16:15:00+00:00,34700.0,Approved
08167500,"Guadalupe Rv nr Spring Branch, TX",DJF2016,2015-16 El Nino,discharge_cfs,2015-10-30T16:30:00+00:00,33000.0,Approved
08167500,"Guadalupe Rv nr Spring Branch, TX",DJF2016,2015-16 El Nino,discharge_cfs,2015-10-30T14:15:00+00:00,31300.0,Approved
08167500,"Guadalupe Rv nr Spring Branch, TX",DJF2016,2015-16 El Nino,gage_height_ft,2015-10-30T15:00:00+00:00,30.06,Approved
08167500,"Guadalupe Rv nr Spring Branch, TX",DJF2016,2015-16 El Nino,gage_height_ft,2015-10-30T15:15:00+00:00,29.84,Approved
08167500,"Guadalupe Rv nr Spring Branch, TX",DJF2016,2015-16 El Nino,gage_height_ft,2015-10-30T15:30:00+00:00,29.13,Approved
08167500,"Guadalupe Rv nr Spring Branch, TX",DJF2016,2015-16 El Nino,gage_height_ft,2015-10-30T14:45:00+00:00,29.01,Approved
08167500,"Guadalupe Rv nr Spring Branch, TX",DJF2016,2015-16 El Nino,gage_height_ft,2015-10-30T15:45:00+00:00,28.3,Approved
08167500,"Guadalupe Rv nr Spring Branch, TX",DJF2016,2015-16 El Nino,gage_height_ft,2015-10-30T16:00:00+00:00,27.59,Approved
08167500,"Guadalupe Rv nr Spring Branch, TX",DJF2016,2015-16 El Nino,gage_height_ft,2015-10-30T14:30:00+00:00,27.13,Approved
08167500,"Guadalupe Rv nr Spring Branch, TX",DJF2016,2015-16 El Nino,gage_height_ft,2015-10-30T16:15:00+00:00,26.73,Approved
08167500,"Guadalupe Rv nr Spring Branch, TX",DJF2016,2015-16 El Nino,gage_height_ft,2015-10-30T16:30:00+00:00,26.0,Approved
08167500,"Guadalupe Rv nr Spring Branch, TX",DJF2016,2015-16 El Nino,gage_height_ft,2015-10-30T14:15:00+00:00,25.2,Approved
08167500,"Guadalupe Rv nr Spring Branch, TX",DJF2024,2023-24 El Nino,discharge_cfs,2024-02-13T09:15:00+00:00,109.0,Approved
08167500,"Guadalupe Rv nr Spring Branch, TX",DJF2024,2023-24 El Nino,discharge_cfs,2024-02-13T09:30:00+00:00,109.0,Approved
08167500,"Guadalupe Rv nr Spring Branch, TX",DJF2024,2023-24 El Nino,discharge_cfs,2024-02-13T09:45:00+00:00,109.0,Approved
08167500,"Guadalupe Rv nr Spring Branch, TX",DJF2024,2023-24 El Nino,discharge_cfs,2024-02-13T10:00:00+00:00,109.0,Approved
08167500,"Guadalupe Rv nr Spring Branch, TX",DJF2024,2023-24 El Nino,discharge_cfs,2024-02-13T10:15:00+00:00,109.0,Approved
08167500,"Guadalupe Rv nr Spring Branch, TX",DJF2024,2023-24 El Nino,discharge_cfs,2024-02-13T10:30:00+00:00,109.0,Approved
08167500,"Guadalupe Rv nr Spring Branch, TX",DJF2024,2023-24 El Nino,discharge_cfs,2024-02-13T10:45:00+00:00,109.0,Approved
08167500,"Guadalupe Rv nr Spring Branch, TX",DJF2024,2023-24 El Nino,discharge_cfs,2024-02-13T09:00:00+00:00,107.0,Approved
08167500,"Guadalupe Rv nr Spring Branch, TX",DJF2024,2023-24 El Nino,discharge_cfs,2024-02-13T11:00:00+00:00,107.0,Approved
08167500,"Guadalupe Rv nr Spring Branch, TX",DJF2024,2023-24 El Nino,discharge_cfs,2024-02-13T11:15:00+00:00,107.0,Approved
08167500,"Guadalupe Rv nr Spring Branch, TX",DJF2024,2023-24 El Nino,gage_height_ft,2024-02-13T09:15:00+00:00,2.44,Approved
08167500,"Guadalupe Rv nr Spring Branch, TX",DJF2024,2023-24 El Nino,gage_height_ft,2024-02-13T09:30:00+00:00,2.44,Approved
08167500,"Guadalupe Rv nr Spring Branch, TX",DJF2024,2023-24 El Nino,gage_height_ft,2024-02-13T09:45:00+00:00,2.44,Approved
08167500,"Guadalupe Rv nr Spring Branch, TX",DJF2024,2023-24 El Nino,gage_height_ft,2024-02-13T10:00:00+00:00,2.44,Approved
08167500,"Guadalupe Rv nr Spring Branch, TX",DJF2024,2023-24 El Nino,gage_height_ft,2024-02-13T10:15:00+00:00,2.44,Approved
08167500,"Guadalupe Rv nr Spring Branch, TX",DJF2024,2023-24 El Nino,gage_height_ft,2024-02-13T10:30:00+00:00,2.44,Approved
08167500,"Guadalupe Rv nr Spring Branch, TX",DJF2024,2023-24 El Nino,gage_height_ft,2024-02-13T10:45:00+00:00,2.44,Approved
08167500,"Guadalupe Rv nr Spring Branch, TX",DJF2024,2023-24 El Nino,gage_height_ft,2024-02-13T09:00:00+00:00,2.43,Approved
08167500,"Guadalupe Rv nr Spring Branch, TX",DJF2024,2023-24 El Nino,gage_height_ft,2024-02-13T11:00:00+00:00,2.43,Approved
08167500,"Guadalupe Rv nr Spring Branch, TX",DJF2024,2023-24 El Nino,gage_height_ft,2024-02-13T11:15:00+00:00,2.43,Approved
08158000,"Colorado Rv at Austin, TX",DJF1998,1997-98 El Nino,discharge_cfs,1997-12-21T04:30:00+00:00,10100.0,Approved
08158000,"Colorado Rv at Austin, TX",DJF1998,1997-98 El Nino,discharge_cfs,1997-12-21T04:00:00+00:00,8630.0,Approved
08158000,"Colorado Rv at Austin, TX",DJF1998,1997-98 El Nino,discharge_cfs,1997-12-21T05:00:00+00:00,7930.0,Approved
08158000,"Colorado Rv at Austin, TX",DJF1998,1997-98 El Nino,discharge_cfs,1998-01-31T20:00:00+00:00,6990.0,Approved
08158000,"Colorado Rv at Austin, TX",DJF1998,1997-98 El Nino,discharge_cfs,1998-01-31T19:30:00+00:00,6760.0,Approved
08158000,"Colorado Rv at Austin, TX",DJF1998,1997-98 El Nino,discharge_cfs,1997-12-21T05:30:00+00:00,6520.0,Approved
08158000,"Colorado Rv at Austin, TX",DJF1998,1997-98 El Nino,discharge_cfs,1998-01-31T20:30:00+00:00,6130.0,Approved
08158000,"Colorado Rv at Austin, TX",DJF1998,1997-98 El Nino,discharge_cfs,1998-02-01T20:30:00+00:00,6130.0,Approved
08158000,"Colorado Rv at Austin, TX",DJF1998,1997-98 El Nino,discharge_cfs,1997-12-21T08:30:00+00:00,5980.0,Approved
08158000,"Colorado Rv at Austin, TX",DJF1998,1997-98 El Nino,discharge_cfs,1997-12-21T08:00:00+00:00,5910.0,Approved
08158000,"Colorado Rv at Austin, TX",DJF2016,2015-16 El Nino,discharge_cfs,2015-10-30T18:10:00+00:00,33200.0,Approved
08158000,"Colorado Rv at Austin, TX",DJF2016,2015-16 El Nino,discharge_cfs,2015-10-30T18:05:00+00:00,33100.0,Approved
08158000,"Colorado Rv at Austin, TX",DJF2016,2015-16 El Nino,discharge_cfs,2015-10-30T18:15:00+00:00,33100.0,Approved
08158000,"Colorado Rv at Austin, TX",DJF2016,2015-16 El Nino,discharge_cfs,2015-10-30T18:20:00+00:00,33100.0,Approved
08158000,"Colorado Rv at Austin, TX",DJF2016,2015-16 El Nino,discharge_cfs,2015-10-30T18:25:00+00:00,32800.0,Approved
08158000,"Colorado Rv at Austin, TX",DJF2016,2015-16 El Nino,discharge_cfs,2015-10-30T18:30:00+00:00,32700.0,Approved
08158000,"Colorado Rv at Austin, TX",DJF2016,2015-16 El Nino,discharge_cfs,2015-10-30T18:00:00+00:00,32600.0,Approved
08158000,"Colorado Rv at Austin, TX",DJF2016,2015-16 El Nino,discharge_cfs,2015-10-30T18:35:00+00:00,32600.0,Approved
08158000,"Colorado Rv at Austin, TX",DJF2016,2015-16 El Nino,discharge_cfs,2015-10-30T18:40:00+00:00,32300.0,Approved
08158000,"Colorado Rv at Austin, TX",DJF2016,2015-16 El Nino,discharge_cfs,2015-10-30T18:45:00+00:00,32200.0,Approved
08158000,"Colorado Rv at Austin, TX",DJF2016,2015-16 El Nino,gage_height_ft,2015-10-30T18:10:00+00:00,33.6,Approved
08158000,"Colorado Rv at Austin, TX",DJF2016,2015-16 El Nino,gage_height_ft,2015-10-30T18:15:00+00:00,33.56,Approved
08158000,"Colorado Rv at Austin, TX",DJF2016,2015-16 El Nino,gage_height_ft,2015-10-30T18:20:00+00:00,33.56,Approved
08158000,"Colorado Rv at Austin, TX",DJF2016,2015-16 El Nino,gage_height_ft,2015-10-30T18:05:00+00:00,33.55,Approved
08158000,"Colorado Rv at Austin, TX",DJF2016,2015-16 El Nino,gage_height_ft,2015-10-30T18:25:00+00:00,33.47,Approved
08158000,"Colorado Rv at Austin, TX",DJF2016,2015-16 El Nino,gage_height_ft,2015-10-30T18:30:00+00:00,33.43,Approved
08158000,"Colorado Rv at Austin, TX",DJF2016,2015-16 El Nino,gage_height_ft,2015-10-30T18:00:00+00:00,33.38,Approved
08158000,"Colorado Rv at Austin, TX",DJF2016,2015-16 El Nino,gage_height_ft,2015-10-30T18:35:00+00:00,33.38,Approved
08158000,"Colorado Rv at Austin, TX",DJF2016,2015-16 El Nino,gage_height_ft,2015-10-30T18:40:00+00:00,33.3,Approved
08158000,"Colorado Rv at Austin, TX",DJF2016,2015-16 El Nino,gage_height_ft,2015-10-30T18:45:00+00:00,33.25,Approved
08158000,"Colorado Rv at Austin, TX",DJF2024,2023-24 El Nino,discharge_cfs,2023-10-26T20:25:00+00:00,3950.0,Approved
08158000,"Colorado Rv at Austin, TX",DJF2024,2023-24 El Nino,discharge_cfs,2023-10-26T20:20:00+00:00,3930.0,Approved
08158000,"Colorado Rv at Austin, TX",DJF2024,2023-24 El Nino,discharge_cfs,2023-10-26T20:30:00+00:00,3930.0,Approved
08158000,"Colorado Rv at Austin, TX",DJF2024,2023-24 El Nino,discharge_cfs,2023-10-26T20:35:00+00:00,3900.0,Approved
08158000,"Colorado Rv at Austin, TX",DJF2024,2023-24 El Nino,discharge_cfs,2023-10-26T20:15:00+00:00,3890.0,Approved
08158000,"Colorado Rv at Austin, TX",DJF2024,2023-24 El Nino,discharge_cfs,2023-10-26T20:40:00+00:00,3890.0,Approved
08158000,"Colorado Rv at Austin, TX",DJF2024,2023-24 El Nino,discharge_cfs,2023-10-26T20:45:00+00:00,3840.0,Approved
08158000,"Colorado Rv at Austin, TX",DJF2024,2023-24 El Nino,discharge_cfs,2023-10-26T20:10:00+00:00,3810.0,Approved
08158000,"Colorado Rv at Austin, TX",DJF2024,2023-24 El Nino,discharge_cfs,2023-10-26T20:50:00+00:00,3810.0,Approved
08158000,"Colorado Rv at Austin, TX",DJF2024,2023-24 El Nino,discharge_cfs,2023-10-26T20:55:00+00:00,3770.0,Approved
08158000,"Colorado Rv at Austin, TX",DJF2024,2023-24 El Nino,gage_height_ft,2023-10-26T20:25:00+00:00,18.01,Approved
08158000,"Colorado Rv at Austin, TX",DJF2024,2023-24 El Nino,gage_height_ft,2023-10-26T20:20:00+00:00,18.0,Approved
08158000,"Colorado Rv at Austin, TX",DJF2024,2023-24 El Nino,gage_height_ft,2023-10-26T20:30:00+00:00,18.0,Approved
08158000,"Colorado Rv at Austin, TX",DJF2024,2023-24 El Nino,gage_height_ft,2023-10-26T20:35:00+00:00,17.98,Approved
08158000,"Colorado Rv at Austin, TX",DJF2024,2023-24 El Nino,gage_height_ft,2023-10-26T20:15:00+00:00,17.97,Approved
08158000,"Colorado Rv at Austin, TX",DJF2024,2023-24 El Nino,gage_height_ft,2023-10-26T20:40:00+00:00,17.97,Approved
08158000,"Colorado Rv at Austin, TX",DJF2024,2023-24 El Nino,gage_height_ft,2023-10-26T20:45:00+00:00,17.94,Approved
08158000,"Colorado Rv at Austin, TX",DJF2024,2023-24 El Nino,gage_height_ft,2023-10-26T20:10:00+00:00,17.92,Approved
08158000,"Colorado Rv at Austin, TX",DJF2024,2023-24 El Nino,gage_height_ft,2023-10-26T20:50:00+00:00,17.92,Approved
08158000,"Colorado Rv at Austin, TX",DJF2024,2023-24 El Nino,gage_height_ft,2023-10-26T20:55:00+00:00,17.89,Approved
08194500,"Nueces Rv nr Tilden, TX",DJF1998,1997-98 El Nino,discharge_cfs,1997-10-20T08:00:00+00:00,188.0,Approved
08194500,"Nueces Rv nr Tilden, TX",DJF1998,1997-98 El Nino,discharge_cfs,1997-10-20T09:00:00+00:00,188.0,Approved
08194500,"Nueces Rv nr Tilden, TX",DJF1998,1997-98 El Nino,discharge_cfs,1997-10-20T10:00:00+00:00,188.0,Approved
08194500,"Nueces Rv nr Tilden, TX",DJF1998,1997-98 El Nino,discharge_cfs,1997-10-20T07:00:00+00:00,187.0,Approved
08194500,"Nueces Rv nr Tilden, TX",DJF1998,1997-98 El Nino,discharge_cfs,1997-10-20T11:00:00+00:00,187.0,Approved
08194500,"Nueces Rv nr Tilden, TX",DJF1998,1997-98 El Nino,discharge_cfs,1997-10-20T06:00:00+00:00,186.0,Approved
08194500,"Nueces Rv nr Tilden, TX",DJF1998,1997-98 El Nino,discharge_cfs,1997-10-20T12:00:00+00:00,186.0,Approved
08194500,"Nueces Rv nr Tilden, TX",DJF1998,1997-98 El Nino,discharge_cfs,1997-10-20T05:00:00+00:00,184.0,Approved
08194500,"Nueces Rv nr Tilden, TX",DJF1998,1997-98 El Nino,discharge_cfs,1997-10-20T13:00:00+00:00,184.0,Approved
08194500,"Nueces Rv nr Tilden, TX",DJF1998,1997-98 El Nino,discharge_cfs,1997-10-20T14:00:00+00:00,183.0,Approved
08194500,"Nueces Rv nr Tilden, TX",DJF2016,2015-16 El Nino,discharge_cfs,2015-10-27T19:45:00+00:00,1020.0,Approved
08194500,"Nueces Rv nr Tilden, TX",DJF2016,2015-16 El Nino,discharge_cfs,2015-10-27T20:00:00+00:00,1020.0,Approved
08194500,"Nueces Rv nr Tilden, TX",DJF2016,2015-16 El Nino,discharge_cfs,2015-10-27T20:15:00+00:00,1020.0,Approved
08194500,"Nueces Rv nr Tilden, TX",DJF2016,2015-16 El Nino,discharge_cfs,2015-10-27T21:45:00+00:00,1020.0,Approved
08194500,"Nueces Rv nr Tilden, TX",DJF2016,2015-16 El Nino,discharge_cfs,2015-10-27T22:00:00+00:00,1020.0,Approved
08194500,"Nueces Rv nr Tilden, TX",DJF2016,2015-16 El Nino,discharge_cfs,2015-10-27T22:15:00+00:00,1020.0,Approved
08194500,"Nueces Rv nr Tilden, TX",DJF2016,2015-16 El Nino,discharge_cfs,2015-10-27T22:30:00+00:00,1020.0,Approved
08194500,"Nueces Rv nr Tilden, TX",DJF2016,2015-16 El Nino,discharge_cfs,2015-10-27T22:45:00+00:00,1020.0,Approved
08194500,"Nueces Rv nr Tilden, TX",DJF2016,2015-16 El Nino,discharge_cfs,2015-10-27T23:00:00+00:00,1020.0,Approved
08194500,"Nueces Rv nr Tilden, TX",DJF2016,2015-16 El Nino,discharge_cfs,2015-10-27T23:15:00+00:00,1020.0,Approved
08194500,"Nueces Rv nr Tilden, TX",DJF2016,2015-16 El Nino,gage_height_ft,2015-10-28T04:15:00+00:00,12.45,Approved
08194500,"Nueces Rv nr Tilden, TX",DJF2016,2015-16 El Nino,gage_height_ft,2015-10-28T01:15:00+00:00,12.44,Approved
08194500,"Nueces Rv nr Tilden, TX",DJF2016,2015-16 El Nino,gage_height_ft,2015-10-28T02:15:00+00:00,12.44,Approved
08194500,"Nueces Rv nr Tilden, TX",DJF2016,2015-16 El Nino,gage_height_ft,2015-10-28T03:15:00+00:00,12.44,Approved
08194500,"Nueces Rv nr Tilden, TX",DJF2016,2015-16 El Nino,gage_height_ft,2015-10-28T00:45:00+00:00,12.43,Approved
08194500,"Nueces Rv nr Tilden, TX",DJF2016,2015-16 El Nino,gage_height_ft,2015-10-28T01:30:00+00:00,12.43,Approved
08194500,"Nueces Rv nr Tilden, TX",DJF2016,2015-16 El Nino,gage_height_ft,2015-10-28T03:30:00+00:00,12.43,Approved
08194500,"Nueces Rv nr Tilden, TX",DJF2016,2015-16 El Nino,gage_height_ft,2015-10-28T03:45:00+00:00,12.43,Approved
08194500,"Nueces Rv nr Tilden, TX",DJF2016,2015-16 El Nino,gage_height_ft,2015-10-28T04:30:00+00:00,12.43,Approved
08194500,"Nueces Rv nr Tilden, TX",DJF2016,2015-16 El Nino,gage_height_ft,2015-10-28T04:45:00+00:00,12.43,Approved
08194500,"Nueces Rv nr Tilden, TX",DJF2024,2023-24 El Nino,discharge_cfs,2023-09-03T21:45:00+00:00,602.0,Approved
08194500,"Nueces Rv nr Tilden, TX",DJF2024,2023-24 El Nino,discharge_cfs,2023-09-03T22:15:00+00:00,602.0,Approved
08194500,"Nueces Rv nr Tilden, TX",DJF2024,2023-24 El Nino,discharge_cfs,2023-09-03T17:30:00+00:00,600.0,Approved
08194500,"Nueces Rv nr Tilden, TX",DJF2024,2023-24 El Nino,discharge_cfs,2023-09-03T19:15:00+00:00,600.0,Approved
08194500,"Nueces Rv nr Tilden, TX",DJF2024,2023-24 El Nino,discharge_cfs,2023-09-03T21:15:00+00:00,600.0,Approved
08194500,"Nueces Rv nr Tilden, TX",DJF2024,2023-24 El Nino,discharge_cfs,2023-09-03T23:15:00+00:00,600.0,Approved
08194500,"Nueces Rv nr Tilden, TX",DJF2024,2023-24 El Nino,discharge_cfs,2023-09-03T23:45:00+00:00,600.0,Approved
08194500,"Nueces Rv nr Tilden, TX",DJF2024,2023-24 El Nino,discharge_cfs,2023-09-04T00:00:00+00:00,600.0,Approved
08194500,"Nueces Rv nr Tilden, TX",DJF2024,2023-24 El Nino,discharge_cfs,2023-09-04T00:15:00+00:00,600.0,Approved
08194500,"Nueces Rv nr Tilden, TX",DJF2024,2023-24 El Nino,discharge_cfs,2023-09-04T00:45:00+00:00,600.0,Approved
08194500,"Nueces Rv nr Tilden, TX",DJF2024,2023-24 El Nino,gage_height_ft,2023-09-03T21:45:00+00:00,10.17,Approved
08194500,"Nueces Rv nr Tilden, TX",DJF2024,2023-24 El Nino,gage_height_ft,2023-09-03T22:15:00+00:00,10.17,Approved
08194500,"Nueces Rv nr Tilden, TX",DJF2024,2023-24 El Nino,gage_height_ft,2023-09-03T17:30:00+00:00,10.16,Approved
08194500,"Nueces Rv nr Tilden, TX",DJF2024,2023-24 El Nino,gage_height_ft,2023-09-03T19:15:00+00:00,10.16,Approved
08194500,"Nueces Rv nr Tilden, TX",DJF2024,2023-24 El Nino,gage_height_ft,2023-09-03T21:15:00+00:00,10.16,Approved
08194500,"Nueces Rv nr Tilden, TX",DJF2024,2023-24 El Nino,gage_height_ft,2023-09-03T23:15:00+00:00,10.16,Approved
08194500,"Nueces Rv nr Tilden, TX",DJF2024,2023-24 El Nino,gage_height_ft,2023-09-03T23:45:00+00:00,10.16,Approved
08194500,"Nueces Rv nr Tilden, TX",DJF2024,2023-24 El Nino,gage_height_ft,2023-09-04T00:00:00+00:00,10.16,Approved
08194500,"Nueces Rv nr Tilden, TX",DJF2024,2023-24 El Nino,gage_height_ft,2023-09-04T00:15:00+00:00,10.16,Approved
08194500,"Nueces Rv nr Tilden, TX",DJF2024,2023-24 El Nino,gage_height_ft,2023-09-04T00:45:00+00:00,10.16,Approved
08178880,"Medina Rv at Bandera, TX",DJF1998,1997-98 El Nino,discharge_cfs,1998-01-31T22:30:00+00:00,1140.0,Approved
08178880,"Medina Rv at Bandera, TX",DJF1998,1997-98 El Nino,discharge_cfs,1998-01-31T22:45:00+00:00,1140.0,Approved
08178880,"Medina Rv at Bandera, TX",DJF1998,1997-98 El Nino,discharge_cfs,1998-01-31T23:00:00+00:00,1140.0,Approved
08178880,"Medina Rv at Bandera, TX",DJF1998,1997-98 El Nino,discharge_cfs,1998-01-31T23:15:00+00:00,1140.0,Approved
08178880,"Medina Rv at Bandera, TX",DJF1998,1997-98 El Nino,discharge_cfs,1998-01-31T23:30:00+00:00,1140.0,Approved
08178880,"Medina Rv at Bandera, TX",DJF1998,1997-98 El Nino,discharge_cfs,1998-01-31T21:45:00+00:00,1130.0,Approved
08178880,"Medina Rv at Bandera, TX",DJF1998,1997-98 El Nino,discharge_cfs,1998-01-31T22:00:00+00:00,1130.0,Approved
08178880,"Medina Rv at Bandera, TX",DJF1998,1997-98 El Nino,discharge_cfs,1998-01-31T22:15:00+00:00,1130.0,Approved
08178880,"Medina Rv at Bandera, TX",DJF1998,1997-98 El Nino,discharge_cfs,1998-01-31T23:45:00+00:00,1130.0,Approved
08178880,"Medina Rv at Bandera, TX",DJF1998,1997-98 El Nino,discharge_cfs,1998-02-01T00:00:00+00:00,1130.0,Approved
08178880,"Medina Rv at Bandera, TX",DJF2016,2015-16 El Nino,discharge_cfs,2015-11-29T00:45:00+00:00,523.0,Approved
08178880,"Medina Rv at Bandera, TX",DJF2016,2015-16 El Nino,discharge_cfs,2015-11-29T01:30:00+00:00,523.0,Approved
08178880,"Medina Rv at Bandera, TX",DJF2016,2015-16 El Nino,discharge_cfs,2015-11-29T01:00:00+00:00,519.0,Approved
08178880,"Medina Rv at Bandera, TX",DJF2016,2015-16 El Nino,discharge_cfs,2015-11-29T02:15:00+00:00,519.0,Approved
08178880,"Medina Rv at Bandera, TX",DJF2016,2015-16 El Nino,discharge_cfs,2015-11-28T23:45:00+00:00,515.0,Approved
08178880,"Medina Rv at Bandera, TX",DJF2016,2015-16 El Nino,discharge_cfs,2015-11-29T00:15:00+00:00,515.0,Approved
08178880,"Medina Rv at Bandera, TX",DJF2016,2015-16 El Nino,discharge_cfs,2015-11-29T00:30:00+00:00,515.0,Approved
08178880,"Medina Rv at Bandera, TX",DJF2016,2015-16 El Nino,discharge_cfs,2015-11-29T01:15:00+00:00,515.0,Approved
08178880,"Medina Rv at Bandera, TX",DJF2016,2015-16 El Nino,discharge_cfs,2015-11-29T01:45:00+00:00,515.0,Approved
08178880,"Medina Rv at Bandera, TX",DJF2016,2015-16 El Nino,discharge_cfs,2015-11-29T02:00:00+00:00,515.0,Approved
08178880,"Medina Rv at Bandera, TX",DJF2016,2015-16 El Nino,gage_height_ft,2015-11-29T00:45:00+00:00,6.02,Approved
08178880,"Medina Rv at Bandera, TX",DJF2016,2015-16 El Nino,gage_height_ft,2015-11-29T01:30:00+00:00,6.02,Approved
08178880,"Medina Rv at Bandera, TX",DJF2016,2015-16 El Nino,gage_height_ft,2015-11-29T01:00:00+00:00,6.01,Approved
08178880,"Medina Rv at Bandera, TX",DJF2016,2015-16 El Nino,gage_height_ft,2015-11-29T02:15:00+00:00,6.01,Approved
08178880,"Medina Rv at Bandera, TX",DJF2016,2015-16 El Nino,gage_height_ft,2015-11-28T23:45:00+00:00,6.0,Approved
08178880,"Medina Rv at Bandera, TX",DJF2016,2015-16 El Nino,gage_height_ft,2015-11-29T00:15:00+00:00,6.0,Approved
08178880,"Medina Rv at Bandera, TX",DJF2016,2015-16 El Nino,gage_height_ft,2015-11-29T00:30:00+00:00,6.0,Approved
08178880,"Medina Rv at Bandera, TX",DJF2016,2015-16 El Nino,gage_height_ft,2015-11-29T01:15:00+00:00,6.0,Approved
08178880,"Medina Rv at Bandera, TX",DJF2016,2015-16 El Nino,gage_height_ft,2015-11-29T01:45:00+00:00,6.0,Approved
08178880,"Medina Rv at Bandera, TX",DJF2016,2015-16 El Nino,gage_height_ft,2015-11-29T02:00:00+00:00,6.0,Approved
08178880,"Medina Rv at Bandera, TX",DJF2024,2023-24 El Nino,discharge_cfs,2024-02-10T16:45:00+00:00,221.0,Approved
08178880,"Medina Rv at Bandera, TX",DJF2024,2023-24 El Nino,discharge_cfs,2024-02-10T16:30:00+00:00,219.0,Approved
08178880,"Medina Rv at Bandera, TX",DJF2024,2023-24 El Nino,discharge_cfs,2024-02-10T17:00:00+00:00,207.0,Approved
08178880,"Medina Rv at Bandera, TX",DJF2024,2023-24 El Nino,discharge_cfs,2024-02-10T14:45:00+00:00,189.0,Approved
08178880,"Medina Rv at Bandera, TX",DJF2024,2023-24 El Nino,discharge_cfs,2024-02-10T15:00:00+00:00,187.0,Approved
08178880,"Medina Rv at Bandera, TX",DJF2024,2023-24 El Nino,discharge_cfs,2024-02-10T17:15:00+00:00,187.0,Approved
08178880,"Medina Rv at Bandera, TX",DJF2024,2023-24 El Nino,discharge_cfs,2024-02-10T17:30:00+00:00,167.0,Approved
08178880,"Medina Rv at Bandera, TX",DJF2024,2023-24 El Nino,discharge_cfs,2024-02-10T16:15:00+00:00,163.0,Approved
08178880,"Medina Rv at Bandera, TX",DJF2024,2023-24 El Nino,discharge_cfs,2024-02-10T15:15:00+00:00,153.0,Approved
08178880,"Medina Rv at Bandera, TX",DJF2024,2023-24 El Nino,discharge_cfs,2024-02-10T17:45:00+00:00,148.0,Approved
08178880,"Medina Rv at Bandera, TX",DJF2024,2023-24 El Nino,gage_height_ft,2024-02-10T16:45:00+00:00,5.11,Approved
08178880,"Medina Rv at Bandera, TX",DJF2024,2023-24 El Nino,gage_height_ft,2024-02-10T16:30:00+00:00,5.1,Approved
08178880,"Medina Rv at Bandera, TX",DJF2024,2023-24 El Nino,gage_height_ft,2024-02-10T17:00:00+00:00,5.04,Approved
08178880,"Medina Rv at Bandera, TX",DJF2024,2023-24 El Nino,gage_height_ft,2024-02-10T14:45:00+00:00,4.95,Approved
08178880,"Medina Rv at Bandera, TX",DJF2024,2023-24 El Nino,gage_height_ft,2024-02-10T15:00:00+00:00,4.94,Approved
08178880,"Medina Rv at Bandera, TX",DJF2024,2023-24 El Nino,gage_height_ft,2024-02-10T17:15:00+00:00,4.94,Approved
08178880,"Medina Rv at Bandera, TX",DJF2024,2023-24 El Nino,gage_height_ft,2024-02-10T17:30:00+00:00,4.83,Approved
08178880,"Medina Rv at Bandera, TX",DJF2024,2023-24 El Nino,gage_height_ft,2024-02-10T16:15:00+00:00,4.81,Approved
08178880,"Medina Rv at Bandera, TX",DJF2024,2023-24 El Nino,gage_height_ft,2024-02-10T15:15:00+00:00,4.75,Approved
08178880,"Medina Rv at Bandera, TX",DJF2024,2023-24 El Nino,gage_height_ft,2024-02-10T17:45:00+00:00,4.72,Approved
08195000,"Frio Rv at Concan, TX",DJF1998,1997-98 El Nino,discharge_cfs,1998-01-31T16:00:00+00:00,6800.0,Approved
08195000,"Frio Rv at Concan, TX",DJF1998,1997-98 El Nino,discharge_cfs,1998-01-31T15:45:00+00:00,6640.0,Approved
08195000,"Frio Rv at Concan, TX",DJF1998,1997-98 El Nino,discharge_cfs,1998-01-31T16:15:00+00:00,6580.0,Approved
08195000,"Frio Rv at Concan, TX",DJF1998,1997-98 El Nino,discharge_cfs,1998-01-31T16:30:00+00:00,6260.0,Approved
08195000,"Frio Rv at Concan, TX",DJF1998,1997-98 El Nino,discharge_cfs,1998-01-31T15:30:00+00:00,6180.0,Approved
08195000,"Frio Rv at Concan, TX",DJF1998,1997-98 El Nino,discharge_cfs,1998-01-31T16:45:00+00:00,5860.0,Approved
08195000,"Frio Rv at Concan, TX",DJF1998,1997-98 El Nino,discharge_cfs,1998-01-31T17:00:00+00:00,5490.0,Approved
08195000,"Frio Rv at Concan, TX",DJF1998,1997-98 El Nino,discharge_cfs,1998-01-31T17:15:00+00:00,5050.0,Approved
08195000,"Frio Rv at Concan, TX",DJF1998,1997-98 El Nino,discharge_cfs,1998-01-31T15:15:00+00:00,5010.0,Approved
08195000,"Frio Rv at Concan, TX",DJF1998,1997-98 El Nino,discharge_cfs,1998-01-31T17:30:00+00:00,4530.0,Approved
08195000,"Frio Rv at Concan, TX",DJF2016,2015-16 El Nino,discharge_cfs,2015-11-29T04:00:00+00:00,320.0,Approved
08195000,"Frio Rv at Concan, TX",DJF2016,2015-16 El Nino,discharge_cfs,2015-11-29T02:45:00+00:00,314.0,Approved
08195000,"Frio Rv at Concan, TX",DJF2016,2015-16 El Nino,discharge_cfs,2015-11-29T03:00:00+00:00,314.0,Approved
08195000,"Frio Rv at Concan, TX",DJF2016,2015-16 El Nino,discharge_cfs,2015-11-29T03:15:00+00:00,314.0,Approved
08195000,"Frio Rv at Concan, TX",DJF2016,2015-16 El Nino,discharge_cfs,2015-11-29T03:30:00+00:00,314.0,Approved
08195000,"Frio Rv at Concan, TX",DJF2016,2015-16 El Nino,discharge_cfs,2015-11-29T03:45:00+00:00,314.0,Approved
08195000,"Frio Rv at Concan, TX",DJF2016,2015-16 El Nino,discharge_cfs,2015-11-29T04:15:00+00:00,314.0,Approved
08195000,"Frio Rv at Concan, TX",DJF2016,2015-16 El Nino,discharge_cfs,2015-11-29T04:30:00+00:00,314.0,Approved
08195000,"Frio Rv at Concan, TX",DJF2016,2015-16 El Nino,discharge_cfs,2015-11-29T05:00:00+00:00,314.0,Approved
08195000,"Frio Rv at Concan, TX",DJF2016,2015-16 El Nino,discharge_cfs,2015-11-29T02:00:00+00:00,308.0,Approved
08195000,"Frio Rv at Concan, TX",DJF2016,2015-16 El Nino,gage_height_ft,2015-11-29T04:00:00+00:00,4.35,Approved
08195000,"Frio Rv at Concan, TX",DJF2016,2015-16 El Nino,gage_height_ft,2015-11-29T02:00:00+00:00,4.34,Approved
08195000,"Frio Rv at Concan, TX",DJF2016,2015-16 El Nino,gage_height_ft,2015-11-29T02:15:00+00:00,4.34,Approved
08195000,"Frio Rv at Concan, TX",DJF2016,2015-16 El Nino,gage_height_ft,2015-11-29T02:30:00+00:00,4.34,Approved
08195000,"Frio Rv at Concan, TX",DJF2016,2015-16 El Nino,gage_height_ft,2015-11-29T02:45:00+00:00,4.34,Approved
08195000,"Frio Rv at Concan, TX",DJF2016,2015-16 El Nino,gage_height_ft,2015-11-29T03:00:00+00:00,4.34,Approved
08195000,"Frio Rv at Concan, TX",DJF2016,2015-16 El Nino,gage_height_ft,2015-11-29T03:15:00+00:00,4.34,Approved
08195000,"Frio Rv at Concan, TX",DJF2016,2015-16 El Nino,gage_height_ft,2015-11-29T03:30:00+00:00,4.34,Approved
08195000,"Frio Rv at Concan, TX",DJF2016,2015-16 El Nino,gage_height_ft,2015-11-29T03:45:00+00:00,4.34,Approved
08195000,"Frio Rv at Concan, TX",DJF2016,2015-16 El Nino,gage_height_ft,2015-11-29T04:15:00+00:00,4.34,Approved
08195000,"Frio Rv at Concan, TX",DJF2024,2023-24 El Nino,discharge_cfs,2023-10-06T09:05:00+00:00,41.2,Approved
08195000,"Frio Rv at Concan, TX",DJF2024,2023-24 El Nino,discharge_cfs,2023-10-06T09:25:00+00:00,41.2,Approved
08195000,"Frio Rv at Concan, TX",DJF2024,2023-24 El Nino,discharge_cfs,2023-10-06T10:40:00+00:00,41.2,Approved
08195000,"Frio Rv at Concan, TX",DJF2024,2023-24 El Nino,discharge_cfs,2023-10-06T10:55:00+00:00,41.1,Approved
08195000,"Frio Rv at Concan, TX",DJF2024,2023-24 El Nino,discharge_cfs,2023-10-06T11:00:00+00:00,41.1,Approved
08195000,"Frio Rv at Concan, TX",DJF2024,2023-24 El Nino,discharge_cfs,2023-10-06T11:35:00+00:00,41.0,Approved
08195000,"Frio Rv at Concan, TX",DJF2024,2023-24 El Nino,discharge_cfs,2023-10-06T12:25:00+00:00,40.8,Approved
08195000,"Frio Rv at Concan, TX",DJF2024,2023-24 El Nino,discharge_cfs,2023-10-06T12:30:00+00:00,40.8,Approved
08195000,"Frio Rv at Concan, TX",DJF2024,2023-24 El Nino,discharge_cfs,2023-10-06T12:45:00+00:00,40.8,Approved
08195000,"Frio Rv at Concan, TX",DJF2024,2023-24 El Nino,discharge_cfs,2023-10-06T12:55:00+00:00,40.7,Approved
08195000,"Frio Rv at Concan, TX",DJF2024,2023-24 El Nino,gage_height_ft,2023-11-23T22:15:00+00:00,3.47,Approved
08195000,"Frio Rv at Concan, TX",DJF2024,2023-24 El Nino,gage_height_ft,2023-11-23T04:20:00+00:00,3.46,Approved
08195000,"Frio Rv at Concan, TX",DJF2024,2023-24 El Nino,gage_height_ft,2023-11-23T05:05:00+00:00,3.46,Approved
08195000,"Frio Rv at Concan, TX",DJF2024,2023-24 El Nino,gage_height_ft,2023-11-23T06:00:00+00:00,3.46,Approved
08195000,"Frio Rv at Concan, TX",DJF2024,2023-24 El Nino,gage_height_ft,2023-11-23T06:50:00+00:00,3.46,Approved
08195000,"Frio Rv at Concan, TX",DJF2024,2023-24 El Nino,gage_height_ft,2023-11-23T07:10:00+00:00,3.46,Approved
08195000,"Frio Rv at Concan, TX",DJF2024,2023-24 El Nino,gage_height_ft,2023-11-23T07:35:00+00:00,3.46,Approved
08195000,"Frio Rv at Concan, TX",DJF2024,2023-24 El Nino,gage_height_ft,2023-11-23T08:30:00+00:00,3.46,Approved
08195000,"Frio Rv at Concan, TX",DJF2024,2023-24 El Nino,gage_height_ft,2023-11-23T08:40:00+00:00,3.46,Approved
08195000,"Frio Rv at Concan, TX",DJF2024,2023-24 El Nino,gage_height_ft,2023-11-23T08:45:00+00:00,3.46,Approved
